# DCGM field, Prometheus type, help
DCGM_FI_DEV_GPU_UTIL, gauge, GPU utilization (%).
DCGM_FI_DEV_MEM_COPY_UTIL, gauge, Memory utilization (%).
DCGM_FI_DEV_FB_USED, gauge, Framebuffer memory used (MiB).
DCGM_FI_DEV_FB_FREE, gauge, Framebuffer memory free (MiB).
DCGM_FI_DEV_POWER_USAGE, gauge, Power draw (W).
DCGM_FI_DEV_GPU_TEMP, gauge, GPU temperature (C).
DCGM_FI_DEV_SM_CLOCK, gauge, SM clock (MHz).
DCGM_FI_DEV_MEM_CLOCK, gauge, Memory clock (MHz).
DCGM_FI_DEV_PCIE_REPLAY_COUNTER, counter, PCIe replays.
DCGM_FI_DEV_XID_ERRORS, gauge, Last XID error.
DCGM_FI_PROF_GR_ENGINE_ACTIVE, gauge, Graphics engine active ratio.
DCGM_FI_PROF_SM_ACTIVE, gauge, SM active ratio.
DCGM_FI_PROF_PIPE_TENSOR_ACTIVE, gauge, Tensor pipe active ratio.
DCGM_FI_PROF_DRAM_ACTIVE, gauge, DRAM active ratio.
DCGM_FI_PROF_PCIE_TX_BYTES, gauge, PCIe TX bytes/s.
DCGM_FI_PROF_PCIE_RX_BYTES, gauge, PCIe RX bytes/s.
